{"Epoch":1513,"Training loss":0.5781293518013424,"Validation loss":0.6440691351890564,"_timestamp":1.7607010242611778e+09,"_wandb":{"runtime":253},"_runtime":253,"_step":1512}