{"_runtime":206,"Validation loss":0.5752841830253601,"_timestamp":1.760701775903598e+09,"_step":1852,"Epoch":1853,"Training loss":0.5777404851383633,"_wandb":{"runtime":206}}