{"Epoch":1612,"Training loss":0.6409951994816462,"Validation loss":0.6247074007987976,"_wandb":{"runtime":200},"_runtime":200,"_timestamp":1.760701435144024e+09,"_step":1611}