{"Epoch":3293,"Training loss":0.5923405004584271,"Validation loss":0.5974494814872742,"_wandb":{"runtime":337},"_runtime":337,"_timestamp":1.7607013640972545e+09,"_step":3292}