{"Validation loss":0.45433834195137024,"_timestamp":1.7607018177918773e+09,"_step":4999,"Epoch":5000,"_wandb":{"runtime":38},"_runtime":38,"Training loss":0.42969241241614026}