{"Validation loss":0.5346735119819641,"_timestamp":1.7607007681709807e+09,"_step":1771,"_wandb":{"runtime":84},"_runtime":84,"Epoch":1772,"Training loss":0.5455940465132395}